Pressure,Temperature,Specific Volume
500,10,0.001004
500,15,0.001002
500,20,0.001001
500,25,0.001
1000,10,0.001002
1000,15,0.001001
1000,20,0.001
1000,25,0.000999
